<?xml version="1.0" encoding="UTF-8"?><?xml-stylesheet type='text/xsl' href='_UpgradeReport_Files/UpgradeReport.xslt'?><UpgradeLog>
<Properties><Property Name="Solution" Value="EasyExam">
</Property><Property Name="解决方案文件" Value="E:\源代码\C#\在线考试\Exam\Exam\EasyExam.sln">
</Property><Property Name="用户选项文件" Value="E:\源代码\C#\在线考试\Exam\Exam\EasyExam.suo">
</Property><Property Name="Date" Value="2012年10月17日 星期三">
</Property><Property Name="Time" Value="15:12">
</Property></Properties><Event ErrorLevel="0" Project="" Source="EasyExam.sln" Description="文件已成功备份为 E:\源代码\C#\在线考试\Exam\Exam\Backup\EasyExam.sln">
</Event><Event ErrorLevel="0" Project="" Source="EasyExam.suo" Description="文件已成功备份为 E:\源代码\C#\在线考试\Exam\Exam\Backup\EasyExam.suo">
</Event><Event ErrorLevel="1" Project="Exam" Source="..\Exam" Description="警告: 正将项目文件备份到与原始解决方案相对路径不同的相对路径中。文件夹层次结构上的差异可能会导致在打开或生成备份的解决方案和项目时出现问题。">
</Event><Event ErrorLevel="0" Project="" Source="EasyExam.sln" Description="成功转换解决方案">
</Event><Event ErrorLevel="3" Project="" Source="EasyExam.sln" Description="Converted">
</Event></UpgradeLog>